-- phpMyAdmin SQL Dump
-- version 4.6.6
-- https://www.phpmyadmin.net/
--
-- Máy chủ: localhost
-- Thời gian đã tạo: Th2 24, 2022 lúc 07:55 SA
-- Phiên bản máy phục vụ: 5.7.17-log
-- Phiên bản PHP: 5.6.30

SET SQL_MODE = "NO_AUTO_VALUE_ON_ZERO";
SET time_zone = "+00:00";


/*!40101 SET @OLD_CHARACTER_SET_CLIENT=@@CHARACTER_SET_CLIENT */;
/*!40101 SET @OLD_CHARACTER_SET_RESULTS=@@CHARACTER_SET_RESULTS */;
/*!40101 SET @OLD_COLLATION_CONNECTION=@@COLLATION_CONNECTION */;
/*!40101 SET NAMES utf8mb4 */;

--
-- Cơ sở dữ liệu: `dragonboy`
--

-- --------------------------------------------------------

--
-- Cấu trúc bảng cho bảng `account`
--

CREATE TABLE `account` (
  `id` int(11) NOT NULL,
  `username` varchar(20) NOT NULL,
  `password` varchar(100) NOT NULL,
  `create_time` timestamp NOT NULL DEFAULT CURRENT_TIMESTAMP,
  `update_time` timestamp NOT NULL DEFAULT '1979-12-31 11:01:01',
  `ban` smallint(1) NOT NULL DEFAULT '0'
) ENGINE=InnoDB DEFAULT CHARSET=utf8mb4;

--
-- Đang đổ dữ liệu cho bảng `account`
--

INSERT INTO `account` (`id`, `username`, `password`, `create_time`, `update_time`, `ban`) VALUES
(1, 'z', 'z', '2021-08-29 23:56:52', '1979-12-31 11:01:01', 0),
(2, 'chibikun', 'a', '2021-08-29 23:56:52', '1979-12-31 11:01:01', 0),
(4, 'User5725018', '', '2021-09-11 15:20:47', '1979-12-31 11:01:01', 0),
(5, 'User8191058', '', '2021-09-11 15:21:38', '1979-12-31 11:01:01', 0),
(6, 'User4394587', '', '2021-09-11 15:23:58', '1979-12-31 11:01:01', 0),
(7, 'User6553160', 'a', '2021-09-12 10:21:03', '1979-12-31 11:01:01', 0);

-- --------------------------------------------------------

--
-- Cấu trúc bảng cho bảng `clan`
--

CREATE TABLE `clan` (
  `id` int(11) NOT NULL,
  `name` varchar(100) NOT NULL,
  `slogan` varchar(100) NOT NULL,
  `leader_id` int(11) NOT NULL,
  `img_id` int(3) NOT NULL,
  `power_point` int(11) NOT NULL,
  `max_member` int(11) NOT NULL,
  `clan_point` int(11) NOT NULL,
  `level` int(11) NOT NULL,
  `create_time` timestamp NOT NULL DEFAULT CURRENT_TIMESTAMP
) ENGINE=InnoDB DEFAULT CHARSET=utf8mb4;

--
-- Đang đổ dữ liệu cho bảng `clan`
--

INSERT INTO `clan` (`id`, `name`, `slogan`, `leader_id`, `img_id`, `power_point`, `max_member`, `clan_point`, `level`, `create_time`) VALUES
(1, 'chibikun', 'cc', 1, 25, 120500, 100, 200000000, 10, '2021-09-05 13:30:20');

-- --------------------------------------------------------

--
-- Cấu trúc bảng cho bảng `clan_member`
--

CREATE TABLE `clan_member` (
  `clan_id` int(11) NOT NULL,
  `player_id` int(11) NOT NULL,
  `head` int(11) NOT NULL,
  `body` int(11) NOT NULL,
  `leg` int(11) NOT NULL,
  `role` int(11) NOT NULL,
  `power_point` int(11) NOT NULL,
  `donate` int(11) NOT NULL,
  `receive_donate` int(11) NOT NULL,
  `clan_point` int(11) NOT NULL,
  `curr_point` int(11) NOT NULL,
  `join_time` timestamp NOT NULL DEFAULT CURRENT_TIMESTAMP,
  `update_time` timestamp NOT NULL DEFAULT '2002-02-06 17:00:00'
) ENGINE=InnoDB DEFAULT CHARSET=utf8mb4;

--
-- Đang đổ dữ liệu cho bảng `clan_member`
--

INSERT INTO `clan_member` (`clan_id`, `player_id`, `head`, `body`, `leg`, `role`, `power_point`, `donate`, `receive_donate`, `clan_point`, `curr_point`, `join_time`, `update_time`) VALUES
(1, 1, 102, -1, -1, 0, 10000, 1, 1, 1, 1, '2021-09-05 06:00:50', '2002-02-06 17:00:00'),
(1, 2, 0, 0, 0, 1, 10000, 1, 1, 1, 1, '2021-09-05 06:00:50', '2002-02-06 17:00:00');

-- --------------------------------------------------------

--
-- Cấu trúc bảng cho bảng `clan_message`
--

CREATE TABLE `clan_message` (
  `clan_id` int(11) NOT NULL,
  `player_id` int(11) NOT NULL,
  `conten` varchar(100) NOT NULL
) ENGINE=InnoDB DEFAULT CHARSET=utf8mb4;

-- --------------------------------------------------------

--
-- Cấu trúc bảng cho bảng `item`
--

CREATE TABLE `item` (
  `id` int(11) NOT NULL,
  `temp_id` int(11) NOT NULL,
  `quantity` int(11) NOT NULL,
  `create_time` timestamp NOT NULL DEFAULT CURRENT_TIMESTAMP
) ENGINE=InnoDB DEFAULT CHARSET=utf8mb4;

--
-- Đang đổ dữ liệu cho bảng `item`
--

INSERT INTO `item` (`id`, `temp_id`, `quantity`, `create_time`) VALUES
(0, 651, 1, '2022-02-23 13:46:51'),
(1, 555, 1, '2022-02-23 13:44:56'),
(2, 556, 1, '2022-02-23 13:49:27'),
(3, 562, 1, '2022-02-23 13:53:48'),
(4, 650, 1, '2022-02-23 14:05:30'),
(5, 349, 1, '2022-02-24 06:19:15'),
(6, 651, 1, '2022-02-24 06:21:36'),
(7, 658, 1, '2022-02-24 06:23:53'),
(8, 531, 1, '2022-02-24 06:33:08');

-- --------------------------------------------------------

--
-- Cấu trúc bảng cho bảng `item_option`
--

CREATE TABLE `item_option` (
  `item_id` int(11) NOT NULL,
  `option_id` int(11) NOT NULL,
  `param` int(11) NOT NULL
) ENGINE=InnoDB DEFAULT CHARSET=utf8mb4;

--
-- Đang đổ dữ liệu cho bảng `item_option`
--

INSERT INTO `item_option` (`item_id`, `option_id`, `param`) VALUES
(1, 47, 3),
(2, 48, 4),
(4, 5, 145),
(6, 23, 1000),
(3, 3, 43),
(7, 24, 100),
(5, 43, 43),
(8, 22, 1000);

-- --------------------------------------------------------

--
-- Cấu trúc bảng cho bảng `map`
--

CREATE TABLE `map` (
  `id` int(3) NOT NULL,
  `name` varchar(50) NOT NULL,
  `type` int(1) NOT NULL,
  `planet_id` int(1) NOT NULL,
  `bg_type` int(1) NOT NULL,
  `tile_id` int(1) NOT NULL,
  `bg_id` int(1) NOT NULL
) ENGINE=InnoDB DEFAULT CHARSET=utf8mb4;

--
-- Đang đổ dữ liệu cho bảng `map`
--

INSERT INTO `map` (`id`, `name`, `type`, `planet_id`, `bg_type`, `tile_id`, `bg_id`) VALUES
(0, 'Làng Aru', 0, 0, 0, 1, 0),
(1, 'Đồi hoa cúc', 0, 0, 0, 1, 0),
(2, 'Thung lũng tre', 0, 0, 0, 1, 0),
(3, 'Rừng nấm', 0, 0, 0, 2, 1),
(4, 'Rừng xương', 0, 0, 0, 2, 1),
(5, 'Đảo Kamê', 0, 0, 0, 3, 2),
(6, 'Đông Karin', 0, 0, 0, 4, 3),
(7, 'Làng Mori', 0, 1, 4, 5, 0),
(8, 'Đồi nấm tím', 0, 1, 4, 5, 0),
(9, 'Thị trấn Moori', 0, 1, 4, 5, 0),
(10, 'Thung lũng Namếc', 0, 1, 0, 6, 5),
(11, 'Thung lũng Maima', 0, 1, 0, 7, 6),
(12, 'Vực maima', 0, 1, 0, 7, 6),
(13, 'Đảo Guru', 0, 1, 0, 8, 7),
(14, 'Làng Kakarot', 0, 2, 0, 9, 8),
(15, 'Đồi hoang', 0, 2, 0, 9, 8),
(16, 'Làng Plant', 0, 2, 0, 9, 8),
(17, 'Rừng nguyên sinh', 0, 2, 0, 10, 9),
(18, 'Rừng thông Xayda', 0, 2, 0, 10, 9),
(19, 'Thành phố Vegeta', 0, 2, 0, 11, 10),
(20, 'Vách núi đen', 0, 2, 0, 12, 11),
(21, 'Nhà Gôhan', 0, 0, 0, 1, 0),
(22, 'Nhà Moori', 0, 1, 4, 5, 0),
(23, 'Nhà Broly', 0, 2, 0, 9, 8),
(24, 'Trạm tàu vũ trụ', 0, 0, 0, 1, 0),
(25, 'Trạm tàu vũ trụ', 0, 1, 4, 5, 0),
(26, 'Trạm tàu vũ trụ', 0, 2, 0, 9, 8),
(27, 'Rừng Bamboo', 0, 0, 0, 2, 1),
(28, 'Rừng dương xỉ', 0, 0, 0, 2, 1),
(29, 'Nam Kamê', 0, 0, 0, 3, 2),
(30, 'Đảo Bulông', 0, 0, 0, 3, 2),
(31, 'Núi hoa vàng', 0, 1, 0, 7, 6),
(32, 'Núi hoa tím', 0, 1, 0, 7, 6),
(33, 'Nam Guru', 0, 1, 0, 8, 7),
(34, 'Đông Nam Guru', 0, 1, 0, 8, 7),
(35, 'Rừng cọ', 0, 2, 0, 10, 9),
(36, 'Rừng đá', 0, 2, 0, 10, 9),
(37, 'Thung lũng đen', 0, 2, 0, 12, 11),
(38, 'Bờ vực đen', 0, 2, 0, 12, 11),
(39, 'Vách núi Aru', 0, 0, 0, 1, 0),
(40, 'Vách núi Moori', 0, 1, 4, 5, 0),
(41, 'Vực Plant', 0, 2, 0, 9, 8),
(42, 'Vách núi Aru', 0, 0, 0, 1, 0),
(43, 'Vách núi Moori', 0, 1, 4, 5, 0),
(44, 'Vách núi Kakarot', 0, 2, 0, 9, 8),
(45, 'Thần điện', 0, 0, 0, 13, 12),
(46, 'Tháp Karin', 0, 0, 0, 13, 12),
(47, 'Rừng Karin', 0, 0, 0, 4, 3),
(48, 'Hành tinh Kaio', 0, 0, 0, 13, 12),
(49, 'Phòng tập thời gian', 0, 0, 0, 14, 13),
(50, 'Thánh địa Kaio', 0, 0, 1, 10, 11),
(51, 'Đấu trường', 0, 2, 0, 15, 8),
(52, 'Đại hội võ thuật', 0, 2, 0, 9, 8),
(53, 'Tường thành 1', 0, 2, 1, 16, 8),
(54, 'Tầng 3', 0, 0, 1, 17, 8),
(55, 'Tầng 1', 0, 0, 0, 17, -1),
(56, 'Tầng 2', 0, 0, 0, 17, -1),
(57, 'Tầng 4', 0, 0, 0, 17, -1),
(58, 'Tường thành 2', 0, 0, 1, 16, 8),
(59, 'Tường thành 3', 0, 0, 1, 16, 8),
(60, 'Trại độc nhãn 1', 0, 0, 2, 18, 8),
(61, 'Trại độc nhãn 2', 0, 0, 2, 18, 8),
(62, 'Trại độc nhãn 3', 0, 0, 2, 18, 8),
(63, 'Trại lính Fide', 0, 2, 1, 19, 0),
(64, 'Núi dây leo', 0, 2, 1, 19, 0),
(65, 'Núi cây quỷ', 0, 2, 1, 19, 0),
(66, 'Trại qủy già', 0, 2, 1, 19, 0),
(67, 'Vực chết', 0, 2, 1, 19, 0),
(68, 'Thung lũng Nappa', 0, 2, 2, 20, 0),
(69, 'Vực cấm', 0, 2, 2, 20, 0),
(70, 'Núi Appule', 0, 2, 2, 20, 0),
(71, 'Căn cứ Raspberry', 0, 2, 2, 20, 0),
(72, 'Thung lũng Raspberry', 0, 2, 2, 20, 0),
(73, 'Thung lũng chết', 0, 2, 3, 21, 0),
(74, 'Đồi cây Fide', 0, 2, 3, 21, 0),
(75, 'Khe núi tử thần', 0, 2, 3, 21, 0),
(76, 'Núi đá', 0, 2, 3, 21, 0),
(77, 'Rừng đá', 0, 2, 3, 21, 0),
(79, 'Núi khỉ đỏ', 0, 2, 0, 19, 11),
(80, 'Núi khỉ vàng', 0, 2, 0, 19, 11),
(81, 'Hang quỷ chim', 0, 2, 0, 20, 8),
(82, 'Núi khỉ đen', 0, 2, 0, 20, 8),
(83, 'Hang khỉ đen', 0, 2, 3, 21, 0),
(84, 'Siêu Thị', 0, 0, 2, 11, 8),
(85, 'Hành tinh M-2', 0, 2, 3, 20, 0),
(86, 'Hành tinh Polaris', 0, 2, 0, 6, 5),
(87, 'Hành tinh Cretaceous', 0, 2, 2, 11, 0),
(88, 'Hành tinh Monmaasu', 0, 2, 1, 8, 0),
(89, 'Hành tinh Rudeeze', 0, 2, 0, 3, 1),
(90, 'Hành tinh Gelbo', 0, 2, 0, 10, 7),
(91, 'Hành tinh Tigere', 0, 2, 1, 1, 8),
(92, 'Thành phố phía đông', 0, 2, 0, 22, 8),
(93, 'Thành phố phía nam', 0, 2, 0, 22, 8),
(94, 'Đảo Balê', 0, 2, 0, 22, 8),
(96, 'Cao nguyên', 0, 2, 0, 22, 8),
(97, 'Thành phố phía bắc', 0, 2, 100, 23, 8),
(98, 'Ngọn núi phía bắc', 0, 2, 100, 23, 8),
(99, 'Thung lũng phía bắc', 0, 2, 100, 23, 8),
(100, 'Thị trấn Ginder', 0, 2, 100, 23, 8),
(102, 'Nhà Bunma', 0, 2, 0, 22, 8),
(103, 'Võ đài Xên bọ hung', 0, 2, 100, 23, 8),
(104, 'Sân sau siêu thị', 0, 0, 2, 11, 8),
(105, 'Cánh đồng tuyết', 0, 2, 4, 24, 8),
(106, 'Rừng tuyết', 0, 2, 4, 24, 8),
(107, 'Núi tuyết', 0, 2, 4, 24, 8),
(108, 'Dòng sông băng', 0, 2, 5, 25, 8),
(109, 'Rừng băng', 0, 2, 5, 25, 8),
(110, 'Hang băng', 0, 2, 5, 25, 8),
(111, 'Đông Nam Karin', 0, 2, 0, 4, 3),
(112, 'Võ đài Hạt Mít', 0, 2, 0, 26, 15),
(113, 'Đại hội võ thuật', 0, 2, 0, 23, 8),
(114, 'Cổng phi thuyền', 0, 2, 2, 12, 11),
(115, 'Phòng chờ', 0, 2, 0, 12, 0),
(117, 'Cửa Ải 1', 0, 2, 0, 12, 0),
(118, 'Cửa Ải 2', 0, 2, 0, 13, 0),
(119, 'Cửa Ải 3', 0, 2, 2, 12, 11),
(120, 'Phòng chỉ huy', 0, 2, 0, 12, 0),
(126, 'Thành phố Santa', 0, 2, 0, 11, 10),
(127, 'Cổng phi thuyền', 0, 2, 2, 12, 11),
(129, 'Đại hội võ thuật', 0, 2, 0, 23, 8),
(131, 'Hành Tinh Yardart', 0, 2, 4, 27, 8),
(132, 'Hành Tinh Yardart 2', 0, 2, 4, 27, 8),
(133, 'Hành Tinh Yardart 3', 0, 2, 4, 27, 8),
(135, 'Động hải tặc', 0, 0, 0, 28, 0),
(136, 'Hang Bạch Tuộc', 0, 0, 0, 28, 0),
(137, 'Động kho báu', 0, 0, 0, 28, 0),
(138, 'Cảng hải tặc', 0, 0, 0, 28, 0),
(139, 'Hành tinh Potaufeu', 0, 2, 0, 9, 8),
(140, 'Hang động Potaufeu', 0, 2, 0, 9, 8),
(141, 'Con đường rắn độc', 0, 0, 5, 14, 0),
(142, 'Con đường rắn độc', 0, 0, 5, 14, 0),
(143, 'Con đường rắn độc', 0, 0, 5, 14, 0),
(144, 'Hoang mạc', 0, 2, 2, 12, 11),
(145, 'Võ Đài Siêu Cấp', 0, 2, 0, 13, 10),
(146, 'Tây Karin', 0, 0, 0, 4, 3);

-- --------------------------------------------------------

--
-- Cấu trúc bảng cho bảng `map_mob`
--

CREATE TABLE `map_mob` (
  `map_id` int(11) NOT NULL,
  `temp_id` int(11) NOT NULL,
  `level` int(11) NOT NULL,
  `max_hp` int(11) NOT NULL,
  `point_x` int(11) NOT NULL,
  `point_y` int(11) NOT NULL
) ENGINE=InnoDB DEFAULT CHARSET=utf8mb4;

--
-- Đang đổ dữ liệu cho bảng `map_mob`
--

INSERT INTO `map_mob` (`map_id`, `temp_id`, `level`, `max_hp`, `point_x`, `point_y`) VALUES
(0, 0, 1, 100, 780, 432),
(0, 0, 1, 100, 900, 432),
(0, 0, 1, 100, 1020, 432),
(0, 0, 1, 100, 660, 432),
(1, 1, 2, 200, 348, 384),
(1, 1, 2, 200, 804, 408),
(1, 1, 2, 200, 972, 360),
(1, 1, 2, 200, 540, 408),
(2, 4, 3, 500, 348, 408),
(2, 1, 2, 200, 996, 288),
(2, 1, 2, 200, 876, 336),
(2, 4, 3, 500, 756, 336),
(3, 1, 2, 200, 372, 408),
(3, 1, 2, 200, 540, 408),
(3, 1, 2, 200, 732, 408),
(3, 4, 3, 500, 1140, 336),
(3, 7, 4, 600, 444, 288),
(3, 7, 4, 600, 708, 288),
(3, 7, 4, 600, 924, 240),
(3, 7, 4, 600, 1188, 240),
(4, 4, 3, 500, 1044, 360),
(4, 4, 3, 500, 684, 360),
(4, 7, 4, 600, 444, 264),
(4, 7, 4, 600, 852, 240),
(4, 7, 4, 600, 1260, 288),
(4, 10, 5, 1000, 612, 144),
(4, 10, 5, 1000, 1092, 144),
(5, 13, 7, 3000, 420, 288),
(5, 13, 7, 3000, 540, 384),
(5, 13, 7, 3000, 1548, 408),
(6, 19, 8, 12000, 228, 336),
(6, 19, 8, 12000, 396, 336),
(6, 19, 8, 12000, 564, 336),
(6, 25, 8, 20000, 780, 168),
(7, 0, 1, 100, 708, 432),
(7, 0, 1, 100, 804, 432),
(7, 0, 1, 100, 900, 432),
(7, 0, 1, 100, 996, 432),
(8, 2, 2, 200, 276, 384),
(8, 2, 2, 200, 444, 336),
(8, 2, 2, 200, 636, 288),
(8, 2, 2, 200, 852, 360),
(9, 2, 2, 200, 276, 288),
(9, 2, 2, 200, 396, 336),
(9, 5, 3, 500, 540, 384),
(9, 5, 3, 500, 924, 336),
(9, 2, 2, 200, 1044, 312),
(10, 20, 8, 12000, 228, 288),
(10, 26, 8, 20000, 828, 288),
(10, 20, 8, 12000, 420, 288),
(10, 20, 8, 12000, 588, 288),
(11, 2, 2, 200, 348, 384),
(11, 5, 3, 500, 636, 336),
(11, 2, 2, 200, 852, 432),
(11, 2, 2, 200, 1044, 336),
(11, 8, 4, 600, 636, 216),
(11, 8, 4, 600, 396, 264),
(11, 8, 4, 600, 876, 240),
(11, 8, 4, 600, 1092, 216),
(12, 5, 3, 500, 660, 288),
(12, 5, 3, 500, 1068, 288),
(12, 8, 4, 600, 372, 312),
(12, 8, 4, 600, 852, 336),
(12, 8, 4, 600, 1212, 216),
(12, 11, 5, 1000, 516, 144),
(12, 11, 5, 1000, 1044, 144),
(13, 14, 7, 3000, 1188, 384),
(13, 14, 7, 3000, 1020, 384),
(13, 14, 7, 3000, 1380, 312),
(14, 0, 1, 100, 708, 408),
(14, 0, 1, 100, 804, 408),
(14, 0, 1, 100, 900, 408),
(14, 0, 1, 100, 996, 408),
(15, 3, 2, 200, 228, 408),
(15, 3, 2, 200, 444, 360),
(15, 3, 2, 200, 612, 360),
(15, 3, 2, 200, 900, 312),
(15, 3, 2, 200, 756, 312),
(16, 6, 3, 500, 564, 312),
(16, 6, 3, 500, 804, 336),
(16, 3, 2, 200, 972, 288),
(16, 3, 2, 200, 684, 384),
(17, 3, 2, 200, 588, 432),
(17, 3, 2, 200, 1212, 360),
(17, 6, 3, 500, 828, 432),
(17, 3, 2, 200, 1020, 408),
(17, 9, 4, 600, 612, 336),
(17, 9, 4, 600, 396, 288),
(17, 9, 4, 600, 924, 312),
(17, 9, 4, 600, 1188, 240),
(18, 6, 3, 500, 1044, 288),
(18, 6, 3, 500, 468, 288),
(18, 9, 4, 600, 852, 312),
(18, 9, 4, 600, 1236, 312),
(18, 9, 4, 600, 660, 312),
(18, 12, 5, 1000, 612, 144),
(18, 12, 5, 1000, 1188, 144),
(19, 27, 8, 20000, 876, 360),
(19, 21, 8, 12000, 276, 288),
(19, 21, 8, 12000, 684, 288),
(19, 21, 8, 12000, 468, 288),
(20, 15, 7, 3000, 300, 360),
(20, 15, 7, 3000, 492, 360),
(20, 15, 7, 3000, 684, 360),
(27, 16, 6, 1500, 996, 336),
(27, 16, 6, 1500, 468, 336),
(27, 16, 6, 1500, 636, 336),
(27, 16, 6, 1500, 804, 336),
(27, 10, 5, 1000, 564, 192),
(27, 10, 5, 1000, 900, 192),
(28, 16, 6, 1500, 204, 360),
(28, 16, 6, 1500, 372, 360),
(28, 16, 6, 1500, 900, 264),
(28, 16, 6, 1500, 1068, 264),
(28, 16, 6, 1500, 540, 312),
(28, 16, 6, 1500, 732, 312),
(28, 10, 5, 1000, 204, 168),
(28, 10, 5, 1000, 444, 168),
(28, 10, 5, 1000, 684, 144),
(28, 10, 5, 1000, 948, 120),
(29, 13, 7, 3000, 396, 240),
(29, 13, 7, 3000, 540, 312),
(29, 13, 7, 3000, 924, 360),
(29, 13, 7, 3000, 1116, 360),
(29, 13, 7, 3000, 1284, 360),
(29, 31, 7, 3000, 924, 168),
(29, 31, 7, 3000, 636, 144),
(30, 22, 8, 6000, 372, 288),
(30, 22, 8, 6000, 564, 288),
(30, 22, 8, 6000, 780, 312),
(30, 22, 8, 6000, 972, 312),
(30, 31, 7, 3000, 444, 120),
(30, 31, 7, 3000, 756, 144),
(31, 17, 6, 1500, 324, 288),
(31, 17, 6, 1500, 780, 336),
(31, 17, 6, 1500, 924, 360),
(31, 17, 6, 1500, 564, 312),
(31, 11, 5, 1000, 804, 144),
(31, 11, 5, 1000, 492, 144),
(32, 17, 6, 1500, 276, 408),
(32, 17, 6, 1500, 492, 384),
(32, 17, 6, 1500, 684, 360),
(32, 17, 6, 1500, 876, 336),
(32, 17, 6, 1500, 1020, 312),
(32, 11, 5, 1000, 324, 240),
(32, 11, 5, 1000, 516, 168),
(32, 11, 5, 1000, 732, 144),
(32, 11, 5, 1000, 948, 144),
(33, 14, 7, 3000, 852, 288),
(33, 14, 7, 3000, 1020, 288),
(33, 14, 7, 3000, 396, 264),
(33, 14, 7, 3000, 1236, 360),
(33, 14, 7, 3000, 1404, 360),
(33, 32, 7, 3000, 924, 144),
(33, 32, 7, 3000, 1212, 168),
(34, 23, 8, 6000, 348, 312),
(34, 23, 8, 6000, 540, 312),
(34, 23, 8, 6000, 756, 312),
(34, 23, 8, 6000, 972, 312),
(34, 32, 7, 3000, 804, 144),
(34, 32, 7, 3000, 396, 144),
(35, 18, 6, 1500, 444, 336),
(35, 18, 6, 1500, 636, 336),
(35, 18, 6, 1500, 828, 336),
(35, 18, 6, 1500, 1020, 336),
(35, 12, 5, 1000, 540, 144),
(35, 12, 5, 1000, 924, 144),
(36, 18, 6, 1500, 300, 456),
(36, 18, 6, 1500, 420, 360),
(36, 18, 6, 1500, 660, 288),
(36, 18, 6, 1500, 540, 360),
(36, 18, 6, 1500, 900, 288),
(36, 12, 5, 1000, 300, 264),
(36, 12, 5, 1000, 636, 120),
(36, 12, 5, 1000, 876, 120),
(36, 12, 5, 1000, 468, 168),
(37, 15, 7, 3000, 876, 360),
(37, 15, 7, 3000, 420, 312),
(37, 15, 7, 3000, 540, 360),
(37, 15, 7, 3000, 1020, 312),
(37, 33, 7, 3000, 564, 192),
(37, 15, 7, 3000, 1236, 216),
(37, 33, 7, 3000, 900, 168),
(38, 24, 8, 6000, 372, 288),
(38, 24, 8, 6000, 1020, 288),
(38, 24, 8, 6000, 612, 456),
(38, 24, 8, 6000, 780, 456),
(38, 33, 7, 3000, 564, 144),
(38, 33, 7, 3000, 804, 144),
(52, 0, 1, 100, 156, 336),
(52, 0, 1, 100, 84, 336),
(53, 34, 8, 6640, 324, 384),
(53, 34, 8, 6640, 492, 432),
(53, 34, 8, 6640, 660, 384),
(53, 34, 8, 6640, 828, 432),
(53, 34, 8, 6640, 996, 384),
(53, 34, 8, 6640, 1164, 432),
(53, 34, 8, 6640, 1332, 384),
(55, 35, 8, 30000, 348, 288),
(55, 35, 8, 30000, 468, 288),
(55, 35, 8, 30000, 1020, 240),
(55, 35, 8, 30000, 1164, 288),
(56, 34, 8, 30000, 420, 312),
(56, 34, 8, 30000, 1188, 312),
(56, 35, 8, 30000, 660, 312),
(56, 35, 8, 30000, 948, 312),
(56, 38, 8, 30000, 804, 312),
(57, 38, 8, 30000, 1236, 312),
(57, 38, 8, 30000, 708, 312),
(57, 38, 8, 30000, 1068, 312),
(57, 38, 8, 30000, 900, 312),
(57, 38, 8, 30000, 516, 312),
(58, 34, 8, 30000, 492, 360),
(58, 34, 8, 30000, 828, 360),
(58, 35, 8, 30000, 660, 336),
(58, 35, 8, 30000, 996, 384),
(58, 34, 8, 30000, 1164, 408),
(58, 35, 8, 30000, 1356, 432),
(58, 34, 8, 30000, 348, 384),
(58, 31, 7, 3000, 396, 192),
(58, 31, 7, 3000, 588, 168),
(58, 31, 7, 3000, 780, 168),
(58, 31, 7, 3000, 972, 216),
(58, 31, 7, 3000, 1164, 264),
(59, 35, 8, 30000, 660, 240),
(59, 35, 8, 30000, 1164, 240),
(59, 35, 8, 30000, 300, 384),
(59, 35, 8, 30000, 516, 384),
(59, 35, 8, 30000, 420, 384),
(59, 35, 8, 30000, 1356, 408),
(59, 31, 7, 3000, 492, 240),
(59, 31, 7, 3000, 636, 120),
(59, 31, 7, 3000, 804, 144),
(59, 31, 7, 3000, 972, 168),
(59, 31, 7, 3000, 1164, 120),
(59, 31, 7, 3000, 1356, 264),
(59, 31, 7, 3000, 348, 240),
(59, 22, 8, 6000, 804, 384),
(59, 22, 8, 6000, 924, 384),
(60, 35, 8, 30000, 468, 288),
(60, 35, 8, 30000, 1308, 384),
(60, 35, 8, 30000, 876, 384),
(60, 36, 8, 30000, 1212, 384),
(60, 36, 8, 30000, 1116, 384),
(60, 36, 8, 30000, 996, 384),
(60, 36, 8, 30000, 756, 384),
(60, 36, 8, 30000, 636, 384),
(61, 36, 8, 30000, 1020, 384),
(61, 36, 8, 30000, 924, 384),
(61, 36, 8, 30000, 732, 264),
(61, 36, 8, 30000, 828, 264),
(61, 36, 8, 30000, 564, 288),
(61, 36, 8, 30000, 1116, 216),
(61, 36, 8, 30000, 1236, 216),
(61, 36, 8, 30000, 1308, 384),
(61, 36, 8, 30000, 348, 336),
(61, 36, 8, 30000, 444, 336),
(61, 37, 8, 30000, 396, 216),
(61, 37, 8, 30000, 972, 264),
(61, 37, 8, 30000, 1164, 120),
(61, 37, 8, 30000, 588, 168),
(61, 37, 8, 30000, 804, 144),
(62, 34, 8, 30000, 228, 384),
(62, 36, 8, 30000, 348, 384),
(62, 35, 8, 30000, 468, 384),
(62, 36, 8, 30000, 588, 384),
(62, 35, 8, 30000, 708, 384),
(62, 36, 8, 30000, 828, 384),
(62, 34, 8, 30000, 948, 384),
(62, 36, 8, 30000, 1068, 384),
(62, 37, 8, 30000, 276, 240),
(62, 37, 8, 30000, 420, 264),
(62, 37, 8, 30000, 708, 264),
(62, 37, 8, 30000, 948, 264),
(62, 37, 8, 30000, 1068, 240),
(62, 37, 8, 30000, 420, 144),
(62, 37, 8, 30000, 684, 144),
(62, 37, 8, 30000, 948, 144),
(62, 37, 8, 30000, 1236, 216),
(62, 37, 8, 30000, 1380, 144),
(62, 37, 8, 30000, 1548, 216),
(62, 36, 8, 30000, 1572, 384),
(62, 35, 8, 30000, 1188, 384),
(62, 37, 8, 30000, 564, 192),
(62, 37, 8, 30000, 828, 192),
(62, 36, 8, 30000, 1284, 384),
(63, 45, 10, 100000, 972, 648),
(63, 45, 10, 100000, 1092, 408),
(63, 45, 10, 100000, 996, 144),
(63, 46, 10, 110000, 804, 144),
(63, 46, 10, 110000, 612, 144),
(63, 46, 10, 110000, 660, 288),
(63, 45, 10, 100000, 492, 288),
(63, 46, 10, 110000, 780, 432),
(63, 45, 10, 100000, 612, 432),
(63, 46, 10, 110000, 492, 600),
(63, 45, 10, 100000, 660, 600),
(63, 45, 10, 100000, 756, 792),
(63, 46, 10, 110000, 588, 792),
(63, 45, 10, 100000, 228, 792),
(63, 46, 10, 110000, 396, 792),
(63, 49, 11, 140000, 228, 552),
(64, 44, 10, 90000, 300, 312),
(64, 44, 10, 90000, 492, 312),
(64, 44, 10, 90000, 708, 312),
(64, 44, 10, 90000, 1140, 312),
(64, 44, 10, 90000, 924, 312),
(64, 44, 10, 90000, 1332, 312),
(64, 43, 10, 80000, 372, 168),
(64, 43, 10, 80000, 588, 192),
(64, 43, 10, 80000, 804, 168),
(64, 43, 10, 80000, 1020, 192),
(64, 43, 10, 80000, 1212, 168),
(65, 44, 10, 90000, 1332, 240),
(65, 44, 10, 90000, 1140, 240),
(65, 45, 10, 100000, 972, 312),
(65, 45, 10, 100000, 756, 264),
(65, 45, 10, 100000, 588, 312),
(65, 44, 10, 90000, 372, 264),
(65, 43, 10, 80000, 564, 144),
(65, 43, 10, 80000, 972, 144),
(65, 43, 10, 80000, 756, 120),
(66, 46, 10, 110000, 1476, 360),
(66, 46, 10, 110000, 1284, 360),
(66, 46, 10, 110000, 1092, 360),
(66, 47, 11, 120000, 924, 360),
(66, 47, 11, 120000, 732, 360),
(66, 47, 11, 120000, 540, 312),
(66, 46, 10, 110000, 420, 312),
(66, 46, 10, 110000, 300, 360),
(67, 47, 11, 120000, 804, 720),
(67, 47, 11, 120000, 612, 720),
(67, 47, 11, 120000, 420, 720),
(67, 47, 11, 120000, 204, 720),
(67, 49, 11, 140000, 876, 96),
(67, 49, 11, 140000, 492, 96),
(67, 49, 11, 140000, 228, 96),
(67, 49, 11, 140000, 804, 360),
(67, 49, 11, 140000, 972, 360),
(67, 49, 11, 140000, 612, 384),
(67, 49, 11, 140000, 396, 360),
(67, 49, 11, 140000, 228, 480),
(68, 39, 9, 40000, 372, 312),
(68, 39, 9, 40000, 564, 312),
(68, 39, 9, 40000, 972, 312),
(68, 39, 9, 40000, 1164, 312),
(68, 39, 9, 40000, 684, 408),
(68, 39, 9, 40000, 828, 408),
(68, 39, 9, 40000, 1284, 408),
(68, 25, 8, 20000, 756, 168),
(68, 25, 8, 20000, 1332, 192),
(69, 39, 9, 40000, 276, 288),
(69, 39, 9, 40000, 396, 384),
(69, 39, 9, 40000, 1380, 264),
(69, 39, 9, 40000, 948, 384),
(69, 40, 9, 50000, 660, 384),
(69, 25, 8, 20000, 900, 192),
(69, 25, 8, 20000, 516, 192),
(69, 40, 9, 50000, 1140, 264),
(70, 39, 9, 40000, 252, 696),
(70, 40, 9, 50000, 828, 528),
(70, 41, 9, 60000, 396, 360),
(70, 40, 9, 50000, 156, 528),
(70, 39, 9, 40000, 756, 360),
(70, 40, 9, 50000, 1116, 360),
(70, 40, 9, 50000, 924, 192),
(70, 41, 9, 60000, 588, 192),
(70, 40, 9, 50000, 564, 696),
(70, 39, 9, 40000, 972, 696),
(70, 41, 9, 60000, 516, 528),
(70, 40, 9, 50000, 300, 192),
(71, 41, 9, 60000, 468, 624),
(71, 41, 9, 60000, 300, 528),
(71, 41, 9, 60000, 444, 312),
(71, 42, 9, 70000, 612, 456),
(71, 41, 9, 60000, 828, 168),
(71, 41, 9, 60000, 972, 552),
(71, 42, 9, 70000, 852, 720),
(71, 41, 9, 60000, 972, 888),
(71, 41, 9, 60000, 108, 360),
(71, 41, 9, 60000, 588, 840),
(71, 42, 9, 70000, 252, 168),
(72, 41, 9, 60000, 900, 312),
(72, 41, 9, 60000, 252, 408),
(72, 42, 9, 70000, 612, 408),
(72, 43, 10, 80000, 732, 192),
(72, 43, 10, 80000, 1068, 192),
(72, 41, 9, 60000, 276, 312),
(72, 41, 9, 60000, 564, 312),
(72, 41, 9, 60000, 1404, 312),
(72, 41, 9, 60000, 1188, 312),
(72, 43, 10, 80000, 420, 192),
(73, 48, 11, 130000, 612, 504),
(73, 48, 11, 130000, 828, 504),
(73, 48, 11, 130000, 372, 504),
(73, 48, 11, 130000, 132, 504),
(73, 49, 11, 140000, 84, 288),
(73, 48, 11, 130000, 828, 168),
(73, 48, 11, 130000, 636, 168),
(73, 48, 11, 130000, 228, 168),
(73, 48, 11, 130000, 420, 168),
(74, 51, 11, 150000, 228, 336),
(74, 52, 12, 160000, 900, 336),
(74, 51, 11, 150000, 1140, 336),
(74, 51, 11, 150000, 1380, 336),
(74, 51, 11, 150000, 444, 336),
(74, 52, 12, 160000, 660, 336),
(74, 49, 11, 140000, 564, 144),
(74, 49, 11, 140000, 1044, 144),
(75, 52, 12, 160000, 276, 336),
(75, 52, 12, 160000, 516, 336),
(75, 53, 12, 170000, 780, 336),
(75, 52, 12, 160000, 1068, 336),
(75, 52, 12, 160000, 1356, 336),
(75, 52, 12, 160000, 396, 216),
(75, 51, 11, 150000, 660, 216),
(75, 51, 11, 150000, 1020, 216),
(75, 52, 12, 160000, 1236, 216),
(76, 52, 12, 160000, 324, 264),
(76, 52, 12, 160000, 540, 336),
(76, 52, 12, 160000, 732, 240),
(76, 53, 12, 170000, 948, 240),
(76, 52, 12, 160000, 1116, 336),
(76, 53, 12, 170000, 1332, 336),
(76, 50, 12, 180000, 1212, 144),
(76, 50, 12, 180000, 516, 144),
(77, 53, 12, 170000, 348, 360),
(77, 53, 12, 170000, 588, 360),
(77, 53, 12, 170000, 828, 216),
(77, 53, 12, 170000, 1092, 360),
(77, 53, 12, 170000, 1332, 360),
(77, 53, 12, 170000, 1452, 288),
(77, 50, 12, 180000, 468, 192),
(77, 50, 12, 180000, 828, 120),
(77, 50, 12, 180000, 1116, 216),
(77, 50, 12, 180000, 1332, 192),
(79, 56, 15, 400000, 396, 168),
(79, 56, 15, 400000, 1164, 192),
(79, 56, 15, 400000, 1356, 360),
(79, 56, 15, 400000, 324, 360),
(79, 56, 15, 400000, 564, 360),
(79, 56, 15, 400000, 828, 360),
(79, 56, 15, 400000, 1092, 360),
(79, 56, 15, 400000, 780, 144),
(80, 57, 16, 450000, 324, 240),
(80, 57, 16, 450000, 444, 288),
(80, 57, 16, 450000, 588, 336),
(80, 57, 16, 450000, 1092, 336),
(80, 57, 16, 450000, 1212, 288),
(80, 57, 16, 450000, 1332, 240),
(80, 57, 16, 450000, 1452, 192),
(81, 50, 12, 180000, 948, 216),
(81, 50, 12, 180000, 324, 216),
(81, 50, 12, 180000, 780, 168),
(81, 50, 12, 180000, 540, 168),
(81, 53, 12, 170000, 324, 336),
(81, 54, 13, 300000, 948, 336),
(81, 53, 12, 170000, 516, 336),
(81, 53, 12, 170000, 1116, 336),
(81, 54, 13, 300000, 708, 336),
(82, 54, 13, 300000, 324, 384),
(82, 54, 13, 300000, 564, 384),
(82, 54, 13, 300000, 804, 384),
(82, 54, 13, 300000, 1068, 384),
(82, 54, 13, 300000, 1284, 384),
(82, 54, 13, 300000, 132, 240),
(82, 54, 13, 300000, 396, 240),
(82, 55, 14, 350000, 756, 192),
(82, 54, 13, 300000, 1188, 240),
(82, 54, 13, 300000, 1476, 240),
(82, 50, 12, 180000, 252, 144),
(82, 50, 12, 180000, 1308, 144),
(83, 55, 14, 350000, 348, 240),
(83, 55, 14, 350000, 468, 192),
(83, 55, 14, 350000, 612, 144),
(83, 55, 14, 350000, 900, 144),
(83, 55, 14, 350000, 1020, 192),
(83, 55, 14, 350000, 1140, 240),
(83, 55, 14, 350000, 1260, 288),
(83, 55, 14, 350000, 564, 336),
(83, 55, 14, 350000, 924, 336),
(83, 56, 15, 400000, 756, 336),
(85, 57, 16, 450000, 108, 360),
(85, 57, 16, 450000, 1572, 360),
(85, 57, 16, 450000, 1404, 360),
(85, 50, 12, 180000, 180, 192),
(86, 50, 12, 180000, 1524, 192),
(86, 50, 12, 180000, 1356, 216),
(86, 50, 12, 180000, 156, 192),
(86, 50, 12, 180000, 324, 240),
(87, 56, 15, 400000, 132, 384),
(87, 57, 16, 450000, 1548, 384),
(87, 50, 12, 180000, 276, 264),
(87, 50, 12, 180000, 1356, 264),
(88, 50, 12, 180000, 156, 216),
(88, 50, 12, 180000, 1476, 216),
(88, 50, 12, 180000, 348, 168),
(88, 50, 12, 180000, 1284, 168),
(88, 56, 15, 400000, 276, 336),
(88, 56, 15, 400000, 1356, 336),
(89, 57, 16, 450000, 108, 288),
(89, 57, 16, 450000, 1524, 360),
(90, 57, 16, 450000, 108, 360),
(90, 57, 16, 450000, 1596, 384),
(90, 50, 12, 180000, 252, 192),
(90, 50, 12, 180000, 1380, 216),
(91, 56, 15, 400000, 132, 360),
(91, 56, 15, 400000, 1572, 360),
(91, 57, 16, 450000, 324, 168),
(91, 57, 16, 450000, 1356, 168),
(92, 58, 11, 200000, 204, 360),
(92, 58, 11, 200000, 396, 360),
(92, 58, 11, 200000, 588, 360),
(92, 58, 11, 200000, 804, 360),
(92, 58, 11, 200000, 996, 360),
(92, 58, 11, 200000, 1188, 360),
(93, 59, 12, 250000, 348, 288),
(93, 59, 12, 250000, 516, 288),
(93, 59, 12, 250000, 684, 360),
(93, 59, 12, 250000, 876, 360),
(93, 59, 12, 250000, 1092, 264),
(93, 59, 12, 250000, 1212, 360),
(93, 59, 12, 250000, 1380, 360),
(94, 60, 13, 300000, 324, 360),
(94, 60, 13, 300000, 468, 168),
(94, 60, 13, 300000, 588, 384),
(94, 60, 13, 300000, 804, 384),
(94, 60, 13, 300000, 1068, 384),
(94, 60, 13, 300000, 1188, 168),
(94, 60, 13, 300000, 1356, 360),
(96, 61, 14, 350000, 252, 360),
(96, 61, 14, 350000, 420, 336),
(96, 61, 14, 350000, 972, 240),
(96, 61, 14, 350000, 1140, 216),
(97, 62, 15, 400000, 228, 384),
(97, 62, 15, 400000, 444, 384),
(97, 62, 15, 400000, 660, 384),
(97, 62, 15, 400000, 876, 384),
(97, 62, 15, 400000, 1140, 384),
(97, 62, 15, 400000, 1380, 384),
(98, 63, 16, 450000, 372, 312),
(98, 63, 16, 450000, 612, 384),
(98, 63, 16, 450000, 828, 168),
(98, 63, 16, 450000, 996, 384),
(98, 63, 16, 450000, 1164, 384),
(98, 63, 16, 450000, 1332, 312),
(99, 64, 17, 500000, 804, 384),
(99, 64, 17, 500000, 1380, 192),
(99, 64, 17, 500000, 372, 240),
(99, 64, 17, 500000, 516, 288),
(99, 64, 17, 500000, 660, 336),
(99, 64, 17, 500000, 972, 336),
(99, 64, 17, 500000, 1092, 288),
(99, 64, 17, 500000, 1236, 240),
(100, 65, 18, 550000, 228, 384),
(100, 65, 18, 550000, 372, 336),
(100, 65, 18, 550000, 516, 384),
(100, 65, 18, 550000, 660, 168),
(100, 65, 18, 550000, 804, 384),
(100, 65, 18, 550000, 948, 336),
(100, 65, 18, 550000, 1092, 384),
(100, 65, 18, 550000, 1236, 168),
(100, 65, 18, 550000, 1404, 384),
(105, 66, 19, 350000, 276, 408),
(105, 66, 19, 350000, 684, 408),
(105, 66, 19, 350000, 996, 408),
(105, 66, 19, 350000, 1308, 408),
(105, 66, 19, 350000, 540, 192),
(105, 66, 19, 350000, 804, 192),
(105, 66, 19, 350000, 1068, 192),
(105, 66, 19, 350000, 1356, 192),
(106, 66, 19, 350000, 324, 288),
(106, 67, 20, 400000, 660, 264),
(106, 67, 20, 400000, 1116, 216),
(106, 66, 19, 350000, 492, 408),
(106, 66, 19, 350000, 804, 408),
(106, 66, 19, 350000, 948, 408),
(106, 66, 19, 350000, 1284, 408),
(107, 67, 20, 400000, 636, 144),
(107, 67, 20, 400000, 468, 144),
(107, 67, 20, 400000, 300, 144),
(107, 67, 20, 400000, 252, 456),
(107, 67, 20, 400000, 420, 456),
(107, 67, 20, 400000, 588, 456),
(107, 67, 20, 400000, 132, 696),
(107, 67, 20, 400000, 324, 696),
(107, 67, 20, 400000, 660, 696),
(107, 67, 20, 400000, 492, 696),
(108, 67, 20, 400000, 204, 144),
(108, 67, 20, 400000, 444, 144),
(108, 67, 20, 400000, 444, 360),
(108, 67, 20, 400000, 108, 360),
(108, 68, 21, 450000, 204, 552),
(108, 67, 20, 400000, 444, 552),
(108, 67, 20, 400000, 180, 696),
(108, 67, 20, 400000, 492, 696),
(108, 67, 20, 400000, 324, 696),
(109, 68, 21, 450000, 204, 168),
(109, 68, 21, 450000, 228, 432),
(109, 68, 21, 450000, 444, 432),
(109, 68, 21, 450000, 636, 432),
(109, 68, 21, 450000, 876, 144),
(109, 68, 21, 450000, 1356, 216),
(109, 69, 22, 500000, 1116, 240),
(109, 68, 21, 450000, 1044, 384),
(109, 68, 21, 450000, 1188, 384),
(109, 68, 21, 450000, 372, 168),
(109, 68, 21, 450000, 564, 168),
(110, 68, 21, 450000, 348, 432),
(110, 68, 21, 450000, 1236, 432),
(110, 68, 21, 450000, 1380, 168),
(110, 69, 22, 500000, 132, 336),
(110, 69, 22, 500000, 540, 336),
(110, 69, 22, 500000, 492, 96),
(110, 69, 22, 500000, 204, 72),
(110, 68, 21, 450000, 948, 432),
(110, 69, 22, 500000, 852, 240),
(110, 69, 22, 500000, 1068, 240),
(110, 69, 22, 500000, 1236, 216),
(126, 70, 23, 40000000, 400, 360),
(126, 50, 12, 180000, 228, 240),
(126, 50, 12, 180000, 540, 240),
(126, 50, 12, 180000, 708, 240),
(126, 50, 12, 180000, 1020, 240),
(126, 50, 12, 180000, 372, 168),
(126, 50, 12, 180000, 876, 168),
(135, 34, 8, 34200, 204, 336),
(135, 34, 8, 34200, 420, 336),
(135, 34, 8, 34200, 636, 336),
(135, 34, 8, 34200, 876, 336),
(135, 35, 8, 34200, 276, 600),
(135, 35, 8, 410400, 468, 600),
(135, 35, 8, 34200, 684, 600),
(135, 35, 8, 34200, 924, 600),
(135, 35, 8, 34200, 156, 1032),
(135, 35, 8, 34200, 348, 1032),
(135, 36, 8, 410400, 612, 1032),
(135, 36, 8, 34200, 828, 1032),
(135, 36, 8, 34200, 468, 1032),
(136, 36, 8, 36252, 324, 192),
(136, 36, 8, 36252, 492, 576),
(136, 36, 8, 36252, 876, 576),
(136, 36, 8, 36252, 1068, 168),
(136, 37, 8, 36252, 492, 312),
(136, 37, 8, 435024, 876, 288),
(136, 37, 8, 36252, 1308, 216),
(136, 71, 23, 1812600, 739, 576),
(137, 37, 8, 38427, 1068, 264),
(137, 38, 8, 38427, 252, 168),
(137, 38, 8, 38427, 444, 168),
(137, 38, 8, 38427, 636, 168),
(137, 38, 8, 38427, 852, 168),
(137, 38, 8, 461124, 924, 456),
(137, 38, 8, 38427, 684, 456),
(137, 38, 8, 38427, 468, 456),
(138, 37, 8, 40732, 156, 240),
(138, 37, 8, 40732, 276, 168),
(138, 37, 8, 40732, 372, 240),
(138, 37, 8, 40732, 492, 168),
(138, 72, 23, 1357758, 550, 336),
(141, 24, 8, 1300, 204, 336),
(141, 24, 8, 1300, 444, 336),
(141, 24, 8, 1300, 684, 336),
(141, 24, 8, 1300, 996, 336),
(141, 33, 7, 1300, 324, 216),
(141, 33, 7, 11700, 876, 216),
(141, 33, 7, 1300, 588, 216),
(142, 26, 8, 1150, 204, 336),
(142, 26, 8, 1150, 444, 336),
(142, 26, 8, 1150, 684, 336),
(142, 26, 8, 1150, 924, 336),
(142, 25, 8, 1150, 324, 192),
(142, 25, 8, 10350, 588, 216),
(142, 25, 8, 1150, 828, 192),
(143, 49, 11, 1000, 204, 336),
(143, 49, 11, 1000, 444, 336),
(143, 49, 11, 1000, 660, 336),
(143, 49, 11, 1000, 924, 336),
(143, 50, 12, 1000, 300, 216),
(143, 50, 12, 9000, 540, 168),
(143, 50, 12, 1000, 804, 216),
(146, 6, 3, 600730, 300, 336),
(146, 25, 8, 1501827, 650, 200),
(146, 26, 8, 901096, 1000, 336);

-- --------------------------------------------------------

--
-- Cấu trúc bảng cho bảng `map_npc`
--

CREATE TABLE `map_npc` (
  `map_id` int(11) NOT NULL,
  `status` int(11) NOT NULL,
  `cx` int(11) NOT NULL,
  `cy` int(11) NOT NULL,
  `temp_id` int(11) NOT NULL,
  `avartar` int(11) NOT NULL
) ENGINE=InnoDB DEFAULT CHARSET=utf8mb4;

--
-- Đang đổ dữ liệu cho bảng `map_npc`
--

INSERT INTO `map_npc` (`map_id`, `status`, `cx`, `cy`, `temp_id`, `avartar`) VALUES
(0, 0, 500, 432, 67, 2132),
(0, 1, 228, 432, 7, 562),
(0, 1, 492, 432, 6, 0),
(1, 1, 468, 312, 6, 0),
(2, 1, 180, 360, 6, 0),
(3, 1, 204, 408, 6, 0),
(4, 1, 180, 312, 6, 0),
(5, 0, 984, 408, 39, 2993),
(5, 0, 1297, 408, 54, 3049),
(5, 1, 1068, 408, 13, 564),
(5, 1, 204, 288, 6, 0),
(5, 0, 1205, 408, 21, 1410),
(6, 1, 1092, 336, 6, 0),
(7, 1, 564, 432, 6, 0),
(7, 1, 300, 432, 8, 350),
(8, 1, 1020, 408, 6, 0),
(9, 1, 156, 216, 6, 0),
(10, 1, 1044, 288, 6, 0),
(11, 1, 180, 384, 6, 0),
(12, 1, 180, 408, 6, 0),
(13, 0, 640, 380, 22, 1411),
(13, 0, 846, 384, 39, 2993),
(13, 1, 732, 384, 14, 566),
(13, 1, 252, 264, 6, 0),
(14, 1, 396, 408, 9, 565),
(14, 1, 252, 408, 6, 0),
(15, 1, 996, 264, 6, 0),
(16, 1, 396, 288, 6, 0),
(17, 1, 204, 312, 6, 0),
(18, 1, 180, 408, 6, 0),
(19, 1, 1140, 360, 12, 639),
(19, 0, 1064, 360, 53, 4668),
(20, 0, 916, 360, 39, 2993),
(20, 1, 180, 288, 6, 0),
(20, 1, 996, 360, 15, 563),
(21, 1, 348, 336, 4, 0),
(21, 1, 84, 336, 3, 0),
(21, 1, 228, 336, 0, 349),
(22, 1, 372, 336, 4, 0),
(22, 1, 516, 336, 2, 347),
(22, 1, 636, 336, 3, 0),
(23, 1, 84, 336, 3, 0),
(23, 1, 228, 336, 1, 348),
(23, 1, 348, 336, 4, 0),
(24, 1, 60, 336, 6, 0),
(24, 1, 516, 336, 10, 7184),
(24, 1, 390, 336, 16, 728),
(24, 1, 651, 264, 29, 2332),
(24, 0, 99, 336, 63, 5833),
(25, 1, 540, 336, 6, 0),
(25, 1, 510, 336, 16, 728),
(25, 1, 348, 336, 11, 641),
(25, 1, 84, 336, 29, 2332),
(26, 1, 228, 336, 12, 639),
(26, 1, 516, 336, 6, 0),
(26, 1, 510, 336, 16, 728),
(26, 1, 84, 336, 29, 2332),
(27, 1, 1452, 336, 25, 1468),
(27, 0, 1048, 336, 38, 1364),
(28, 1, 1236, 168, 6, 0),
(29, 1, 252, 192, 6, 0),
(30, 1, 180, 312, 6, 0),
(31, 1, 1068, 384, 6, 0),
(32, 1, 1140, 288, 6, 0),
(33, 1, 228, 240, 6, 0),
(34, 1, 156, 312, 6, 0),
(35, 1, 228, 264, 6, 0),
(36, 1, 1140, 168, 6, 0),
(37, 1, 228, 216, 6, 0),
(38, 1, 228, 360, 6, 0),
(42, 1, 588, 408, 21, 1410),
(43, 1, 780, 384, 21, 1410),
(43, 0, 247, 432, 42, 4335),
(44, 1, 732, 288, 21, 1410),
(45, 1, 396, 408, 19, 1356),
(46, 1, 420, 408, 18, 1209),
(47, 1, 636, 336, 17, 1142),
(48, 0, 592, 360, 64, 6578),
(48, 0, 300, 230, 55, 5067),
(48, 0, 270, 230, 56, 5073),
(48, 1, 420, 240, 20, 1357),
(50, 0, 268, 330, 44, 4390),
(50, 0, 238, 336, 45, 4391),
(50, 0, 400, 336, 43, 4389),
(52, 1, 184, 330, 44, 4390),
(52, 1, 215, 330, 45, 4391),
(52, 1, 252, 336, 23, 1415),
(52, 1, 492, 336, 23, 1415),
(57, 1, 132, 312, 26, 1571),
(68, 1, 84, 408, 12, 639),
(80, 0, 875, 408, 60, 1359),
(84, 1, 84, 336, 17, 1142),
(84, 1, 180, 336, 7, 562),
(84, 1, 276, 336, 21, 1410),
(84, 1, 372, 336, 16, 728),
(84, 1, 468, 336, 9, 565),
(84, 1, 564, 336, 8, 350),
(84, 1, 760, 336, 10, 7184),
(84, 1, 660, 336, 28, 1415),
(85, 1, 1044, 360, 36, 2344),
(86, 1, 756, 336, 30, 2333),
(87, 1, 780, 384, 31, 2334),
(88, 1, 780, 336, 32, 2335),
(89, 1, 924, 192, 33, 2336),
(90, 1, 804, 240, 34, 2337),
(91, 1, 804, 120, 35, 2338),
(102, 1, 276, 360, 37, 2752),
(102, 0, 143, 360, 38, 1364),
(112, 0, 217, 408, 21, 1410),
(113, 1, 295, 360, 22, 1411),
(113, 1, 474, 360, 22, 1411),
(114, 1, 128, 330, 44, 4390),
(114, 1, 160, 336, 45, 4391),
(114, 1, 480, 336, 46, 4388),
(115, 1, 231, 330, 44, 4390),
(115, 1, 480, 330, 46, 4388),
(117, 1, 231, 330, 44, 4390),
(117, 1, 480, 330, 46, 4388),
(118, 1, 231, 330, 44, 4390),
(118, 1, 480, 330, 46, 4388),
(119, 1, 231, 330, 44, 4390),
(119, 1, 480, 330, 46, 4388),
(120, 1, 231, 330, 44, 4390),
(120, 1, 480, 330, 46, 4388),
(126, 0, 137, 360, 53, 4668),
(127, 0, 108, 312, 44, 4390),
(129, 1, 295, 360, 23, 1415),
(129, 1, 474, 360, 23, 1415),
(131, 0, 941, 144, 60, 1359),
(133, 0, 1359, 288, 61, 516),
(139, 0, 134, 408, 63, 5833),
(140, 0, 434, 336, 62, 5828),
(141, 0, 250, 336, 19, 1356),
(145, 0, 754, 160, 64, 6578);

-- --------------------------------------------------------

--
-- Cấu trúc bảng cho bảng `map_waypoint`
--

CREATE TABLE `map_waypoint` (
  `id` int(11) NOT NULL,
  `map_id` int(11) NOT NULL,
  `name` varchar(100) NOT NULL,
  `min_x` int(11) NOT NULL,
  `min_y` int(11) NOT NULL,
  `max_x` int(11) NOT NULL,
  `max_y` int(11) NOT NULL,
  `is_enter` smallint(1) NOT NULL,
  `is_offline` smallint(1) NOT NULL,
  `go_map` tinyint(3) NOT NULL DEFAULT '0',
  `go_x` int(11) NOT NULL DEFAULT '0',
  `go_y` int(11) NOT NULL DEFAULT '0'
) ENGINE=InnoDB DEFAULT CHARSET=utf8mb4;

--
-- Đang đổ dữ liệu cho bảng `map_waypoint`
--

INSERT INTO `map_waypoint` (`id`, `map_id`, `name`, `min_x`, `min_y`, `max_x`, `max_y`, `is_enter`, `is_offline`, `go_map`, `go_x`, `go_y`) VALUES
(1, 0, 'Đồi hoa cúc', 1224, 408, 1248, 432, 0, 0, 1, 60, 384),
(2, 0, 'Nhà Gôhan', 288, 408, 360, 432, 1, 1, 21, 444, 336),
(3, 0, 'Vách núi Aru', 0, 408, 24, 432, 0, 0, 42, 1380, 432),
(4, 1, 'Làng Aru', 0, 360, 24, 384, 0, 0, 0, 1188, 432),
(5, 1, 'Thung lũng tre', 1512, 336, 1536, 360, 0, 0, 2, 60, 360),
(6, 1, 'Rừng Karin', 1200, 336, 1272, 360, 1, 0, 47, 60, 336),
(7, 2, 'Đồi hoa cúc', 0, 336, 24, 360, 0, 0, 1, 1476, 360),
(8, 2, 'Rừng nấm', 1224, 264, 1248, 288, 0, 0, 3, 60, 408),
(9, 2, 'Trạm tàu vũ trụ', 552, 360, 624, 384, 1, 0, 24, 276, 336),
(10, 3, 'Thung lũng tre', 0, 384, 24, 408, 0, 0, 2, 1188, 288),
(11, 3, 'Rừng xương', 1608, 312, 1632, 336, 0, 0, 4, 60, 312),
(12, 3, 'Rừng Bamboo', 1344, 312, 1416, 336, 1, 0, 27, 60, 192),
(13, 4, 'Rừng nấm', 0, 288, 24, 312, 0, 0, 3, 1572, 336),
(14, 4, 'Đảo Kamê', 1608, 312, 1632, 336, 0, 0, 5, 60, 288),
(15, 5, 'Rừng xương', 0, 264, 24, 288, 0, 0, 4, 1572, 336),
(16, 5, 'Đông Karin', 1704, 264, 1728, 288, 0, 0, 5, 1068, 408),
(17, 5, 'Nam Kamê', 792, 384, 864, 408, 1, 0, 29, 780, 360),
(18, 6, 'Đảo Kamê', 0, 312, 24, 336, 0, 0, 5, 1668, 288),
(19, 7, 'Đồi nấm tím', 1224, 408, 1248, 432, 0, 0, 8, 60, 432),
(20, 7, 'Nhà Moori', 384, 408, 456, 432, 1, 1, 22, 252, 336),
(21, 7, 'Vách núi Moori', 0, 384, 24, 408, 0, 0, 43, 1380, 432),
(22, 8, 'Làng Mori', 0, 408, 24, 432, 0, 0, 7, 1188, 432),
(23, 8, 'Thị trấn Moori', 1224, 384, 1248, 408, 0, 0, 9, 60, 216),
(24, 9, 'Đồi nấm tím', 0, 192, 24, 216, 0, 0, 8, 1188, 408),
(25, 9, 'Thung lũng Maima', 1224, 240, 1248, 264, 0, 0, 11, 60, 384),
(26, 9, 'Trạm tàu vũ trụ', 696, 432, 768, 456, 1, 0, 25, 276, 336),
(27, 10, 'Đảo Guru', 0, 264, 24, 288, 0, 0, 13, 1668, 336),
(28, 11, 'Thị trấn Moori', 0, 360, 24, 384, 0, 0, 9, 1188, 264),
(29, 11, 'Vực maima', 1560, 288, 1584, 312, 0, 0, 12, 60, 408),
(30, 11, 'Núi hoa vàng', 1248, 360, 1320, 384, 1, 0, 31, 60, 240),
(31, 12, 'Thung lũng Maima', 0, 384, 24, 408, 0, 0, 11, 1524, 312),
(32, 12, 'Đảo Guru', 1560, 360, 1584, 384, 0, 0, 13, 60, 264),
(33, 13, 'Vực maima', 0, 240, 24, 264, 0, 0, 12, 1524, 384),
(34, 13, 'Thung lũng Namếc', 1704, 312, 1728, 336, 0, 0, 10, 60, 288),
(35, 13, 'Nam Guru', 456, 360, 528, 384, 1, 0, 33, 708, 360),
(36, 14, 'Đồi hoang', 1224, 384, 1248, 408, 0, 0, 15, 60, 408),
(37, 14, 'Nhà Broly', 504, 384, 576, 408, 1, 1, 23, 420, 336),
(38, 14, 'Vách núi Kakarot', 0, 384, 24, 408, 0, 0, 44, 1380, 432),
(39, 15, 'Làng Kakarot', 0, 384, 24, 408, 0, 0, 14, 1188, 408),
(40, 15, 'Làng Plant', 1224, 240, 1248, 264, 0, 0, 16, 60, 288),
(41, 16, 'Đồi hoang', 0, 264, 24, 288, 0, 0, 15, 1188, 264),
(42, 16, 'Rừng nguyên sinh', 1224, 216, 1248, 240, 0, 0, 17, 60, 312),
(43, 16, 'Trạm tàu vũ trụ', 192, 264, 264, 288, 1, 0, 26, 348, 336),
(44, 17, 'Làng Plant', 0, 288, 24, 312, 0, 0, 16, 1188, 240),
(45, 17, 'Rừng thông Xayda', 1560, 288, 1584, 312, 0, 0, 18, 60, 408),
(46, 17, 'Rừng cọ', 1320, 288, 1392, 312, 1, 0, 35, 60, 216),
(47, 18, 'Rừng nguyên sinh', 0, 384, 24, 408, 0, 0, 17, 1523, 311),
(48, 18, 'Vách núi đen', 1560, 408, 1584, 432, 0, 0, 20, 60, 288),
(49, 19, 'Vách núi đen', 0, 336, 24, 360, 0, 0, 20, 1620, 288),
(50, 20, 'Rừng thông Xayda', 0, 264, 24, 288, 0, 0, 18, 1524, 432),
(51, 20, 'Thành phố Vegeta', 1656, 264, 1680, 288, 0, 0, 19, 60, 360),
(52, 20, 'Thung lũng đen', 1200, 336, 1272, 360, 1, 0, 37, 780, 384),
(53, 21, 'Làng Aru', 456, 312, 528, 336, 1, 1, 0, 372, 432),
(54, 22, 'Làng Mori', 168, 312, 240, 336, 1, 1, 7, 468, 432),
(55, 22, 'Vách núi Moori', 0, 312, 24, 336, 0, 1, 0, 0, 0),
(56, 23, 'Làng Kakarot', 432, 312, 504, 336, 1, 1, 14, 588, 408),
(57, 23, 'Vực Plant', 0, 312, 24, 336, 0, 1, 0, 0, 0),
(58, 24, 'Thung lũng tre', 192, 312, 264, 336, 1, 0, 2, 636, 384),
(59, 25, 'Thị trấn Moori', 192, 312, 264, 336, 1, 0, 9, 684, 456),
(60, 26, 'Làng Plant', 360, 312, 432, 336, 1, 0, 16, 276, 288),
(61, 27, 'Rừng nấm', 0, 168, 24, 192, 0, 0, 3, 1332, 336),
(62, 27, 'Rừng dương xỉ', 1776, 312, 1800, 336, 0, 0, 28, 60, 360),
(63, 27, 'Tường thành 1', 1416, 480, 1584, 504, 1, 0, 0, 0, 0),
(64, 28, 'Rừng Bamboo', 0, 336, 24, 360, 0, 0, 27, 1740, 336),
(65, 28, 'Nam Kamê', 1416, 144, 1440, 168, 0, 0, 29, 60, 168),
(66, 29, 'Rừng dương xỉ', 0, 144, 24, 168, 0, 0, 28, 1380, 168),
(67, 29, 'Đảo Bulông', 1536, 336, 1560, 360, 0, 0, 30, 60, 312),
(68, 29, 'Đảo Kamê', 696, 336, 768, 360, 1, 0, 5, 876, 408),
(69, 30, 'Nam Kamê', 0, 288, 24, 312, 0, 0, 29, 1500, 360),
(70, 31, 'Thung lũng Maima', 0, 216, 24, 240, 0, 0, 11, 1332, 384),
(71, 31, 'Núi hoa tím', 1296, 360, 1320, 384, 0, 0, 32, 60, 432),
(72, 32, 'Núi hoa vàng', 0, 408, 24, 432, 0, 0, 31, 1260, 384),
(73, 32, 'Nam Guru', 1296, 264, 1320, 288, 0, 0, 33, 60, 216),
(74, 33, 'Núi hoa tím', 0, 192, 24, 216, 0, 0, 32, 1260, 288),
(75, 33, 'Đảo Guru', 624, 336, 696, 360, 1, 0, 13, 540, 384),
(76, 33, 'Đông Nam Guru', 1656, 336, 1680, 360, 0, 0, 34, 60, 312),
(77, 34, 'Nam Guru', 0, 288, 24, 312, 0, 0, 33, 1620, 360),
(78, 35, 'Rừng nguyên sinh', 0, 192, 24, 216, 0, 0, 17, 1405, 312),
(79, 35, 'Rừng đá', 1296, 312, 1320, 336, 0, 0, 36, 60, 456),
(80, 36, 'Rừng cọ', 0, 432, 24, 456, 0, 0, 35, 1260, 336),
(81, 36, 'Thung lũng đen', 1296, 144, 1320, 168, 0, 0, 37, 60, 192),
(82, 37, 'Vách núi đen', 696, 360, 768, 384, 1, 0, 20, 1284, 360),
(83, 37, 'Bờ vực đen', 1512, 192, 1536, 216, 0, 0, 38, 60, 456),
(84, 37, 'Rừng đá', 0, 168, 24, 192, 0, 0, 36, 1260, 168),
(85, 38, 'Thung lũng đen', 0, 432, 24, 456, 0, 0, 37, 1476, 216),
(86, 39, 'Nhà Gôhan', 744, 360, 768, 384, 0, 1, 21, 60, 336),
(87, 40, 'Nhà Moori', 744, 360, 768, 384, 0, 1, 22, 60, 336),
(88, 41, 'Nhà Broly', 744, 360, 768, 384, 0, 1, 23, 60, 336),
(89, 42, 'Làng Aru', 1416, 408, 1440, 432, 0, 0, 0, 60, 432),
(90, 43, 'Làng Mori', 1416, 408, 1440, 432, 0, 0, 7, 60, 408),
(91, 44, 'Làng Kakarot', 1416, 408, 1440, 432, 0, 0, 14, 60, 408),
(92, 44, 'Đại hội võ thuật', 936, 408, 1008, 432, 1, 0, 52, 564, 336),
(93, 45, 'Tháp Karin', 24, 552, 696, 576, 1, 0, 46, 360, 130),
(94, 45, 'Phòng tập thời gian', 696, 264, 720, 288, 0, 0, 46, 360, 130),
(95, 45, 'Phòng tập thời gian', 696, 216, 720, 240, 0, 0, 46, 360, 130),
(96, 46, 'Thần điện', 288, 0, 432, 120, 1, 0, 45, 276, 528),
(97, 46, 'Rừng Karin', 24, 552, 696, 576, 1, 0, 47, 610, 130),
(98, 47, 'Tháp Karin', 552, 0, 672, 120, 1, 0, 46, 276, 528),
(99, 47, 'Đồi hoa cúc', 0, 312, 24, 336, 0, 0, 1, 1284, 360),
(100, 47, 'Đông Nam Karin', 936, 312, 960, 336, 0, 0, 111, 60, 336),
(101, 49, 'Thần điện', 0, 432, 24, 456, 0, 0, 45, 276, 408),
(102, 49, 'Thần điện', 1176, 432, 1200, 456, 0, 0, 45, 300, 408),
(103, 52, 'Vách núi Kakarot', 576, 312, 648, 336, 1, 0, 44, 1020, 432),
(104, 53, 'Tường thành 2', 1656, 408, 1680, 432, 0, 0, 58, 60, 432),
(105, 53, 'Rừng Bamboo', 0, 408, 24, 432, 0, 0, 27, 1500, 335),
(106, 54, 'Tầng 4', 1272, 288, 1344, 312, 1, 0, 57, 1476, 312),
(107, 54, 'Tầng 2', 96, 288, 168, 312, 1, 0, 56, 156, 312),
(108, 55, 'Tầng 2', 1488, 288, 1560, 312, 1, 0, 56, 1476, 312),
(109, 55, 'Trại độc nhãn 3', 0, 288, 24, 312, 0, 0, 62, 1356, 384),
(110, 56, 'Tầng 1', 1488, 288, 1560, 312, 1, 0, 55, 1476, 312),
(111, 56, 'Tầng 3', 72, 288, 144, 312, 1, 0, 54, 180, 312),
(112, 57, 'Tầng 3', 1488, 288, 1560, 312, 1, 0, 54, 1260, 312),
(113, 58, 'Tường thành 1', 0, 408, 24, 432, 0, 0, 53, 1620, 432),
(114, 58, 'Tường thành 3', 1656, 240, 1680, 264, 0, 0, 59, 60, 240),
(115, 59, 'Tường thành 2', 0, 216, 24, 240, 0, 0, 58, 1620, 264),
(116, 59, 'Trại độc nhãn 1', 1656, 288, 1680, 312, 0, 0, 60, 60, 384),
(117, 60, 'Trại độc nhãn 2', 1656, 360, 1680, 384, 0, 0, 61, 60, 384),
(118, 60, 'Tường thành 3', 0, 360, 24, 384, 0, 0, 59, 1620, 312),
(119, 61, 'Trại độc nhãn 1', 0, 360, 24, 384, 0, 0, 60, 1620, 384),
(120, 61, 'Trại độc nhãn 3', 1656, 360, 1680, 384, 0, 0, 62, 60, 384),
(121, 62, 'Trại độc nhãn 2', 0, 360, 24, 384, 0, 0, 61, 1620, 384),
(122, 62, 'Tầng 1', 1368, 360, 1440, 384, 1, 0, 55, 60, 312),
(123, 63, 'Núi cây quỷ', 1176, 792, 1200, 816, 0, 0, 65, 60, 312),
(124, 63, 'Trại qủy già', 0, 312, 24, 336, 0, 0, 66, 1620, 360),
(125, 64, 'Núi cây quỷ', 0, 288, 24, 312, 0, 0, 65, 1620, 312),
(126, 64, 'Thung lũng Raspberry', 1656, 288, 1680, 312, 0, 0, 72, 60, 312),
(127, 65, 'Núi dây leo', 1656, 288, 1680, 312, 0, 0, 64, 60, 312),
(128, 65, 'Trại lính Fide', 0, 288, 24, 312, 0, 0, 63, 1140, 816),
(129, 66, 'Trại lính Fide', 1656, 336, 1680, 360, 0, 0, 63, 60, 336),
(130, 66, 'Vực chết', 0, 336, 24, 360, 0, 0, 67, 1140, 720),
(131, 67, 'Trại qủy già', 1176, 696, 1200, 720, 0, 0, 66, 60, 360),
(132, 67, 'Thung lũng chết', 0, 312, 24, 336, 0, 0, 73, 1044, 504),
(133, 68, 'Vực cấm', 1656, 384, 1680, 408, 0, 0, 69, 60, 192),
(134, 69, 'Thung lũng Nappa', 0, 168, 24, 192, 0, 0, 68, 1620, 408),
(135, 69, 'Núi Appule', 1656, 384, 1680, 408, 0, 0, 70, 60, 696),
(136, 70, 'Vực cấm', 0, 672, 24, 696, 0, 0, 69, 1620, 408),
(137, 70, 'Căn cứ Raspberry', 0, 168, 24, 192, 0, 0, 71, 1020, 1080),
(138, 71, 'Núi Appule', 1056, 1056, 1080, 1080, 0, 0, 70, 60, 192),
(139, 71, 'Thung lũng Raspberry', 0, 1032, 24, 1056, 0, 0, 72, 1620, 312),
(140, 72, 'Căn cứ Raspberry', 1656, 288, 1680, 312, 0, 0, 71, 61, 1055),
(141, 72, 'Núi dây leo', 0, 288, 24, 312, 0, 0, 64, 1620, 312),
(142, 73, 'Đồi cây Fide', 1080, 144, 1104, 168, 0, 0, 74, 60, 336),
(143, 73, 'Vực chết', 1080, 480, 1104, 504, 0, 0, 67, 60, 336),
(144, 74, 'Thung lũng chết', 0, 312, 24, 336, 0, 0, 73, 1044, 168),
(145, 74, 'Khe núi tử thần', 1656, 312, 1680, 336, 0, 0, 75, 60, 336),
(146, 75, 'Đồi cây Fide', 0, 312, 24, 336, 0, 0, 74, 1620, 336),
(147, 75, 'Núi đá', 1656, 312, 1680, 336, 0, 0, 76, 60, 336),
(148, 76, 'Khe núi tử thần', 0, 312, 24, 336, 0, 0, 75, 1620, 336),
(149, 76, 'Rừng đá', 1656, 312, 1680, 336, 0, 0, 77, 60, 216),
(150, 77, 'Núi đá', 0, 192, 24, 216, 0, 0, 76, 1620, 336),
(151, 77, 'Hang quỷ chim', 1656, 192, 1680, 216, 0, 0, 81, 60, 336),
(152, 79, 'Hang khỉ đen', 0, 336, 24, 360, 0, 0, 83, 1620, 336),
(153, 79, 'Núi khỉ vàng', 1656, 336, 1680, 360, 0, 0, 80, 60, 144),
(154, 80, 'Núi khỉ đỏ', 0, 120, 24, 144, 0, 0, 79, 1620, 360),
(155, 80, 'Cánh đồng tuyết', 1656, 120, 1680, 144, 0, 0, 105, 60, 408),
(156, 81, 'Núi khỉ đen', 1416, 312, 1440, 336, 0, 0, 82, 60, 384),
(157, 81, 'Rừng đá', 0, 312, 24, 336, 0, 0, 77, 1620, 216),
(158, 82, 'Hang quỷ chim', 0, 360, 24, 384, 0, 0, 81, 1380, 336),
(159, 82, 'Hang khỉ đen', 1656, 360, 1680, 384, 0, 0, 83, 60, 336),
(160, 83, 'Núi khỉ đen', 0, 312, 24, 336, 0, 0, 82, 1620, 384),
(161, 83, 'Núi khỉ đỏ', 1656, 312, 1680, 336, 0, 0, 79, 60, 360),
(162, 84, 'Sân sau siêu thị', 936, 312, 960, 336, 0, 0, 104, 60, 336),
(163, 92, 'Thành phố phía nam', 1416, 336, 1440, 360, 0, 0, 93, 60, 360),
(164, 92, 'Nhà Bunma', 0, 336, 24, 360, 0, 0, 102, 636, 360),
(165, 93, 'Thành phố phía đông', 0, 336, 24, 360, 0, 0, 92, 1380, 360),
(166, 93, 'Đảo Balê', 1656, 264, 1680, 288, 0, 0, 94, 60, 384),
(167, 94, 'Thành phố phía nam', 0, 360, 24, 384, 0, 0, 93, 1620, 288),
(168, 94, 'Cao nguyên', 1656, 360, 1680, 384, 0, 0, 96, 60, 144),
(169, 96, 'Đảo Balê', 0, 120, 24, 144, 0, 0, 94, 1620, 384),
(170, 96, 'Thành phố phía bắc', 1656, 144, 1680, 168, 0, 0, 97, 60, 384),
(171, 97, 'Ngọn núi phía bắc', 1656, 360, 1680, 384, 0, 0, 98, 60, 384),
(172, 97, 'Cao nguyên', 0, 360, 24, 384, 0, 0, 96, 1620, 168),
(173, 98, 'Thành phố phía bắc', 0, 360, 24, 384, 0, 0, 97, 1620, 384),
(174, 98, 'Thung lũng phía bắc', 1656, 360, 1680, 384, 0, 0, 99, 60, 144),
(175, 99, 'Ngọn núi phía bắc', 0, 120, 24, 144, 0, 0, 98, 1620, 384),
(176, 99, 'Thị trấn Ginder', 1656, 120, 1680, 144, 0, 0, 100, 60, 168),
(177, 100, 'Thung lũng phía bắc', 0, 144, 24, 168, 0, 0, 99, 1620, 144),
(178, 100, 'Võ đài Xên bọ hung', 1656, 168, 1680, 192, 0, 0, 103, 60, 312),
(179, 102, 'Thành phố phía đông', 672, 336, 696, 360, 0, 0, 92, 60, 360),
(180, 103, 'Thị trấn Ginder', 0, 288, 24, 312, 0, 0, 100, 1620, 192),
(181, 104, 'Siêu Thị', 0, 312, 24, 336, 0, 0, 84, 900, 336),
(182, 105, 'Dòng sông băng', 1656, 168, 1680, 192, 0, 0, 108, 60, 144),
(183, 105, 'Rừng băng', 1656, 384, 1680, 408, 0, 0, 109, 60, 168),
(184, 105, 'Núi khỉ vàng', 0, 384, 24, 408, 0, 0, 80, 1620, 144),
(185, 106, 'Rừng băng', 0, 384, 24, 408, 0, 0, 109, 60, 432),
(186, 106, 'Núi tuyết', 1656, 144, 1680, 168, 0, 0, 107, 60, 144),
(187, 106, 'Hang băng', 1656, 384, 1680, 408, 0, 0, 110, 1620, 168),
(188, 107, 'Rừng tuyết', 0, 120, 24, 144, 0, 0, 106, 1620, 168),
(189, 107, 'Hang băng', 0, 432, 24, 456, 0, 0, 110, 1620, 432),
(190, 107, 'Dòng sông băng', 888, 672, 912, 696, 0, 0, 108, 660, 696),
(191, 108, 'Núi tuyết', 696, 672, 720, 696, 0, 0, 107, 852, 696),
(192, 108, 'Cánh đồng tuyết', 0, 120, 24, 144, 0, 0, 105, 1620, 192),
(193, 108, 'Rừng băng', 0, 528, 24, 552, 0, 0, 109, 1620, 432),
(194, 109, 'Rừng tuyết', 0, 408, 24, 432, 0, 0, 106, 60, 408),
(195, 109, 'Cánh đồng tuyết', 0, 144, 24, 168, 0, 0, 105, 1620, 408),
(196, 109, 'Dòng sông băng', 1656, 408, 1680, 432, 0, 0, 108, 60, 552),
(197, 110, 'Núi tuyết', 1656, 408, 1680, 432, 0, 0, 107, 60, 456),
(198, 110, 'Rừng tuyết', 1656, 144, 1680, 168, 0, 0, 106, 1620, 408),
(199, 111, 'Rừng Karin', 0, 312, 24, 336, 0, 0, 47, 900, 336),
(200, 131, 'Hành Tinh Yardart 2', 1416, 432, 1440, 456, 0, 0, 127, 60, 456),
(201, 132, 'Hành Tinh Yardart', 0, 432, 24, 456, 0, 0, 127, 1381, 451),
(202, 132, 'Hành Tinh Yardart 3', 1416, 288, 1440, 312, 0, 0, 127, 60, 312),
(203, 133, 'Hành Tinh Yardart 2', 0, 288, 24, 312, 0, 0, 127, 1380, 312),
(204, 135, 'Cảng hải tặc', 1176, 1008, 1200, 1032, 0, 0, 127, 60, 336),
(205, 136, 'Cảng hải tặc', 0, 168, 24, 192, 0, 0, 127, 660, 336),
(206, 136, 'Động kho báu', 1416, 528, 1440, 552, 0, 0, 127, 60, 168),
(207, 137, 'Hang Bạch Tuộc', 0, 144, 24, 168, 0, 0, 127, 1380, 552),
(208, 138, 'Động hải tặc', 0, 312, 24, 336, 0, 0, 127, 1116, 1032),
(209, 138, 'Hang Bạch Tuộc', 696, 312, 720, 336, 0, 0, 127, 60, 192),
(210, 139, 'Hang động Potaufeu', 600, 384, 672, 408, 1, 0, 127, 60, 336),
(211, 140, 'Hành tinh Potaufeu', 24, 312, 120, 336, 1, 0, 127, 636, 408),
(212, 141, 'Con đường rắn độc', 1176, 312, 1200, 336, 0, 0, 127, 60, 336),
(213, 142, 'Con đường rắn độc', 0, 312, 24, 336, 0, 0, 127, 1140, 336),
(214, 142, 'Con đường rắn độc', 1176, 312, 1200, 336, 0, 0, 127, 60, 336),
(215, 143, 'Con đường rắn độc', 0, 312, 24, 336, 0, 0, 127, 1140, 336),
(216, 143, 'Hoang mạc', 1176, 312, 1200, 336, 0, 0, 0, 0, 0),
(217, 144, 'Con đường rắn độc', 0, 240, 24, 264, 0, 0, 5, 1139, 0);

-- --------------------------------------------------------

--
-- Cấu trúc bảng cho bảng `player`
--

CREATE TABLE `player` (
  `id` int(11) NOT NULL,
  `account_id` int(11) NOT NULL,
  `name` varchar(20) NOT NULL,
  `power` bigint(11) NOT NULL DEFAULT '1000',
  `vang` int(11) NOT NULL DEFAULT '0',
  `luong` int(11) NOT NULL DEFAULT '0',
  `luong_khoa` int(11) NOT NULL DEFAULT '0',
  `clan_id` int(11) NOT NULL DEFAULT '-1',
  `task_id` int(11) NOT NULL DEFAULT '0',
  `head` int(11) NOT NULL,
  `gender` int(11) NOT NULL,
  `where_id` int(11) NOT NULL DEFAULT '0',
  `where_x` int(11) NOT NULL DEFAULT '0',
  `where_y` int(11) NOT NULL DEFAULT '0',
  `last_login_time` timestamp NOT NULL DEFAULT '1979-12-31 11:01:01',
  `last_logout_time` timestamp NOT NULL DEFAULT '1979-12-31 11:01:01',
  `create_time` timestamp NOT NULL DEFAULT CURRENT_TIMESTAMP
) ENGINE=InnoDB DEFAULT CHARSET=utf8mb4;

--
-- Đang đổ dữ liệu cho bảng `player`
--

INSERT INTO `player` (`id`, `account_id`, `name`, `power`, `vang`, `luong`, `luong_khoa`, `clan_id`, `task_id`, `head`, `gender`, `where_id`, `where_x`, `where_y`, `last_login_time`, `last_logout_time`, `create_time`) VALUES
(1, 2, 'chibikun', 60000000000, 2000000000, 1000000, 1000000, -1, 0, 126, 0, 50, 103, 336, '1979-12-31 11:01:01', '2022-02-24 07:51:51', '2022-02-23 11:51:03');

-- --------------------------------------------------------

--
-- Cấu trúc bảng cho bảng `player_bag`
--

CREATE TABLE `player_bag` (
  `player_id` int(11) NOT NULL,
  `item_id` int(11) NOT NULL DEFAULT '-1',
  `slot` int(11) NOT NULL
) ENGINE=InnoDB DEFAULT CHARSET=utf8mb4;

--
-- Đang đổ dữ liệu cho bảng `player_bag`
--

INSERT INTO `player_bag` (`player_id`, `item_id`, `slot`) VALUES
(1, -1, 0),
(1, -1, 1),
(1, 5, 2),
(1, -1, 3),
(1, 8, 4),
(1, -1, 5),
(1, -1, 6),
(1, -1, 7),
(1, -1, 8),
(1, -1, 9),
(1, -1, 10),
(1, -1, 11),
(1, -1, 12),
(1, -1, 13),
(1, -1, 14),
(1, -1, 15),
(1, -1, 16),
(1, -1, 17),
(1, -1, 18),
(1, -1, 19),
(4, -1, 0),
(4, -1, 1),
(4, -1, 2),
(4, -1, 3),
(4, -1, 4),
(4, -1, 5),
(4, -1, 6),
(4, -1, 7),
(4, -1, 8),
(4, -1, 9),
(4, -1, 10),
(4, -1, 11),
(4, -1, 12),
(4, -1, 13),
(4, -1, 14),
(4, -1, 15),
(4, -1, 16),
(4, -1, 17),
(4, -1, 18),
(4, -1, 19),
(1, -1, 1);

-- --------------------------------------------------------

--
-- Cấu trúc bảng cho bảng `player_body`
--

CREATE TABLE `player_body` (
  `player_id` int(11) NOT NULL,
  `item_id` int(11) NOT NULL DEFAULT '-1',
  `slot` int(11) NOT NULL
) ENGINE=InnoDB DEFAULT CHARSET=utf8mb4;

--
-- Đang đổ dữ liệu cho bảng `player_body`
--

INSERT INTO `player_body` (`player_id`, `item_id`, `slot`) VALUES
(2, -1, 0),
(2, -1, 1),
(2, -1, 2),
(2, -1, 3),
(2, -1, 4),
(2, -1, 5),
(2, -1, 6),
(1, 4, 0),
(1, 6, 1),
(1, 3, 2),
(1, 7, 3),
(1, -1, 4),
(1, -1, 5),
(1, -1, 6),
(4, -1, 0),
(4, -1, 1),
(4, -1, 2),
(4, -1, 3),
(4, -1, 4),
(4, -1, 5),
(4, -1, 6);

-- --------------------------------------------------------

--
-- Cấu trúc bảng cho bảng `player_box`
--

CREATE TABLE `player_box` (
  `player_id` int(11) NOT NULL,
  `item_id` int(11) NOT NULL DEFAULT '-1',
  `slot` int(11) NOT NULL
) ENGINE=InnoDB DEFAULT CHARSET=utf8mb4;

--
-- Đang đổ dữ liệu cho bảng `player_box`
--

INSERT INTO `player_box` (`player_id`, `item_id`, `slot`) VALUES
(4, -1, 0),
(4, -1, 1),
(4, -1, 2),
(4, -1, 3),
(4, -1, 4),
(4, -1, 5),
(4, -1, 6),
(4, -1, 7),
(4, -1, 8),
(4, -1, 9),
(4, -1, 10),
(4, -1, 11),
(4, -1, 12),
(4, -1, 13),
(4, -1, 14),
(4, -1, 15),
(4, -1, 16),
(4, -1, 17),
(4, -1, 18),
(4, -1, 19);

-- --------------------------------------------------------

--
-- Cấu trúc bảng cho bảng `player_point`
--

CREATE TABLE `player_point` (
  `player_id` int(11) NOT NULL,
  `hp_goc` int(11) NOT NULL,
  `mp_goc` int(11) NOT NULL,
  `dam_goc` int(11) NOT NULL,
  `def_goc` int(11) NOT NULL,
  `crit_goc` int(11) NOT NULL,
  `nang_dong` int(11) NOT NULL,
  `tiem_nang` bigint(20) NOT NULL,
  `limit_power` tinyint(4) NOT NULL DEFAULT '0'
) ENGINE=InnoDB DEFAULT CHARSET=utf8mb4;

--
-- Đang đổ dữ liệu cho bảng `player_point`
--

INSERT INTO `player_point` (`player_id`, `hp_goc`, `mp_goc`, `dam_goc`, `def_goc`, `crit_goc`, `nang_dong`, `tiem_nang`, `limit_power`) VALUES
(1, 140060, 42300, 1617, 18, 5, 0, 113898494220, 0),
(2, 350000, 240000, 18000, 22, 0, 0, 100000000, 127),
(4, 200, 100, 12, 0, 0, 0, 1200, 0);

-- --------------------------------------------------------

--
-- Cấu trúc bảng cho bảng `player_skill`
--

CREATE TABLE `player_skill` (
  `player_id` int(11) NOT NULL,
  `temp_id` int(11) NOT NULL,
  `level` int(11) NOT NULL
) ENGINE=InnoDB DEFAULT CHARSET=utf8mb4;

--
-- Đang đổ dữ liệu cho bảng `player_skill`
--

INSERT INTO `player_skill` (`player_id`, `temp_id`, `level`) VALUES
(1, 0, 7),
(1, 1, 7),
(1, 6, 7),
(1, 9, 7),
(1, 10, 7),
(1, 20, 7),
(1, 22, 7),
(1, 19, 7),
(2, 4, 1);

-- --------------------------------------------------------

--
-- Cấu trúc bảng cho bảng `player_task`
--

CREATE TABLE `player_task` (
  `player_id` int(10) NOT NULL,
  `task_id` int(11) NOT NULL,
  `task_index` int(11) NOT NULL,
  `count` int(11) NOT NULL
) ENGINE=InnoDB DEFAULT CHARSET=utf8mb4;

--
-- Đang đổ dữ liệu cho bảng `player_task`
--

INSERT INTO `player_task` (`player_id`, `task_id`, `task_index`, `count`) VALUES
(1, 2, 1, 0);

--
-- Chỉ mục cho các bảng đã đổ
--

--
-- Chỉ mục cho bảng `account`
--
ALTER TABLE `account`
  ADD PRIMARY KEY (`id`);

--
-- Chỉ mục cho bảng `clan`
--
ALTER TABLE `clan`
  ADD PRIMARY KEY (`id`);

--
-- Chỉ mục cho bảng `clan_member`
--
ALTER TABLE `clan_member`
  ADD UNIQUE KEY `player_id` (`player_id`);

--
-- Chỉ mục cho bảng `item`
--
ALTER TABLE `item`
  ADD PRIMARY KEY (`id`);

--
-- Chỉ mục cho bảng `map`
--
ALTER TABLE `map`
  ADD UNIQUE KEY `mapID` (`id`);

--
-- Chỉ mục cho bảng `map_waypoint`
--
ALTER TABLE `map_waypoint`
  ADD PRIMARY KEY (`id`);

--
-- Chỉ mục cho bảng `player`
--
ALTER TABLE `player`
  ADD PRIMARY KEY (`id`);

--
-- Chỉ mục cho bảng `player_point`
--
ALTER TABLE `player_point`
  ADD UNIQUE KEY `player_id` (`player_id`);

--
-- AUTO_INCREMENT cho các bảng đã đổ
--

--
-- AUTO_INCREMENT cho bảng `account`
--
ALTER TABLE `account`
  MODIFY `id` int(11) NOT NULL AUTO_INCREMENT, AUTO_INCREMENT=8;
--
-- AUTO_INCREMENT cho bảng `clan`
--
ALTER TABLE `clan`
  MODIFY `id` int(11) NOT NULL AUTO_INCREMENT, AUTO_INCREMENT=3;
--
-- AUTO_INCREMENT cho bảng `map_waypoint`
--
ALTER TABLE `map_waypoint`
  MODIFY `id` int(11) NOT NULL AUTO_INCREMENT, AUTO_INCREMENT=218;
--
-- AUTO_INCREMENT cho bảng `player`
--
ALTER TABLE `player`
  MODIFY `id` int(11) NOT NULL AUTO_INCREMENT, AUTO_INCREMENT=2;
/*!40101 SET CHARACTER_SET_CLIENT=@OLD_CHARACTER_SET_CLIENT */;
/*!40101 SET CHARACTER_SET_RESULTS=@OLD_CHARACTER_SET_RESULTS */;
/*!40101 SET COLLATION_CONNECTION=@OLD_COLLATION_CONNECTION */;
